name,price,cat
Dragea de Morango 70 Sem,"370,00",chocolates
Gotas ao Leite Sicao,"188,99",chocolates
Gotas Meio Amargo,"149,99",chocolates
Gotas Mini 70,"350,00",chocolates
Trufas 45% Cac ao Leite/Coco 0% Açúcar/Lactose C/Vit Abd,"480,00",chocolates
Trufas 55% Cac ao Leit/Coco Creme Avelâ 0% Açúcar/Lactose C/Vit Abd,"480,00",oleaginosas
Abacaxi Cristalizado,"149,99",frutas
Açúcar de Coco,"69,99",adocantes
Açúcar Demerara Organico,"49,99",adocantes
Açúcar Mascavo Claro,"19,99",adocantes
Açúcar Mascavo Escuro,"24,99",adocantes
Agar Agar em Pó,"162,00",culinarios
Aipim Chips,"100,00",snacks
Ajinomoto/Glutamato,"89,99",temperos
Albumina,"259,99",suplementos
Alcachofra Folha,"169,99",chas
Alecrim Flocos,"89,99",chas
Alecrim Pó,"49,00",ervas
Alfavaca,"99,99",chas
Alfazema Roxa/Lavanda,"149,99",chas
Alho Cebola & Salsa,"99,99",temperos
Alho em Pó ( Chines ),"89,99",temperos
Alho Flocos Granulado,"129,99",temperos
Alho Frito,"99,99",temperos
Alho Pó,"99,99",temperos
Alho Poro Flocos,"99,99",temperos
Ameixa sem Caroco,"99,99",frutas
Amêndoas Crua S/ Casca,"199,99",oleaginosas
Amêndoas Defumada Torrada,"199,99",oleaginosas
Amêndoas Laminada S/ Pele,"209,99",oleaginosas
Amendoim Croc Bacon,"59,99",oleaginosas
Amendoim Croc Churrasco,"59,99",oleaginosas
Amendoim Croc Mostarda e Mel,"59,99",oleaginosas
Amendoim Croc Picante,"59,99",oleaginosas
Amendoim Croc Queijo,"59,99",oleaginosas
Amendoim Crocante,"59,99",oleaginosas
Amendoim Granulado,"39,99",oleaginosas
Amendoim S/ Pele Torrado Sal,"39,00",oleaginosas
Amendoim Salsa/Cebola,"59,99",oleaginosas
Amendoim Torrado S/ Sal,"49,99",oleaginosas
Amido de Milho,"15,99",farinhas
Amora Folhas,"99,99",chas
Ana Maria Tempero,"79,99",temperos
Anis Estrelado,"199,99",temperos
Arnica,"99,00",ervas
Aroeira Folha,"59,99",chas
Arruda,"200,00",ervas
Artemisia,"99,00",ervas
Ashwagandha em Pó,"279,99",funcionais
Aveia em Flocos Fino S/ Gluten,"16,99",cereais
Aveia Flocos Grauda (Laminada),"18,90",cereais
Aveia Flocos Normal,"19,90",cereais
Avelã S/Casca,"259,99",oleaginosas
Bacon em Pó,"240,00",temperos
Banana Chips,"109,99",snacks
Banana Palha Desidratada,"79,00",frutas
Banana Passas,"129,99",frutas
Bananinha Fitness Doce Morelli,"3,50",snacks
Barbatimao Casca,"89,99",chas
Batata Chips Salgada,"100,00",snacks
Batata Doce Palito Bacon Vegano,"279,99",snacks
Batata Doce Palito Churrasco,"279,99",snacks
Batata Palito Doce Ceb & Salsa,"279,99",snacks
BCAA,"249,99",suplementos
Berinjela Pó,"69,00",funcionais
Bicarbonato Sodio,"17,99",farinhas
Biscoito Arroz Barbecue,"99,99",snacks
Biscoito de Arroz Cebola e Salsa,"99,99",snacks
Biscoito de Canela,"12,00",snacks
Biscoito Tipo Amantegado,"12,00",snacks
Blueberries (Mirtilo),"150,00",frutas
Cacau em Pó 70% Alcalino,"199,99",chocolates
Cacau em Pó Alcalino Black,"199,99",chocolates
Cacau em Pó Soluvel Natural,"159,99",chocolates
Cacau Nibs,"179,99",chocolates
Caldo Bacon,"29,99",temperos
Caldo Camarao,"24,99",temperos
Caldo de Carne,"22,00",temperos
Caldo de Galinha,"29,99",temperos
Caldo de Bacalhau,"54,00",temperos
Caldo Peixe,"29,99",temperos
Camomila Flor,"119,99",chas
Cana do Brejo,"99,99",chas
Cana do Brejo 30G,"4,90",ervas
Canela em Pau,"169,99",temperos
Canela Pó Pura,"129,99",temperos
Canjica Branca,"12,99",cereais
Capim Cidrao,"99,99",chas
Cardamomo em Pó,"500,00",temperos
Cardamomo Sementes,"600,00",temperos
Cardo Mariano,"99,99",chas
Carqueja,"169,99",chas
Cascara Sagrada,"199,00",ervas
Cast Caju Torr Salgada,"179,99",oleaginosas
Cast Caju W1 Torr S/ Sal,"179,99",oleaginosas
Cast. Caju Trit/Xerem,"119,99",oleaginosas
Castanha Caramelo C/ Coco,"189,99",oleaginosas
Castanha Caramelo C/ Gergelim,"199,99",oleaginosas
Castanha da India 30G,"6,90",oleaginosas
Castanha do para Inteira,"189,99",oleaginosas
Castanha do para Quebrada,"120,00",oleaginosas
Catuaba em Pó,"89,99",funcionais
Cavalinha Folhas,"149,99",chas
Cebola Crispy,"99,99",temperos
Cebola em Pó,"99,99",temperos
Cebola Granulada Desidratada,"99,99",temperos
Centella Asiatica,"199,99",chas
Cha da Vida/Desincha Rasurado,"99,99",chas
Cha de Bugre,"49,99",chas
Cha Picao Preto,"99,99",ervas
Cha Preto,"149,99",chas
Cha Verde Folha,"79,99",chas
Chia Farinha,"49,00",farinhas
Chia Sementes Preta,"69,99",sementes
Chimi Churri Defumado,"119,99",temperos
Chimi Churri S/Sal e Pimenta,"99,99",temperos
Chlorella em Pó,"399,99",chas
Chocolate 50% Cacau,"169,99",chocolates
Cidra Desidratada,"129,99",frutas
Coco Chips,"149,90",snacks
Coco Chips C/ Cacau,"159,99",snacks
Coco Chips C/ Cafe,"159,99",snacks
Coco Chips Capuccino,"159,99",snacks
Coco Ralado Fino,"17,99",farinhas
Coco Ralado Flocos,"99,99",frutas
Coentro em Pó,"79,99",temperos
Coentro Folhas Desidratado,"139,00",temperos
Coentro Sementes,"69,99",temperos
Cogumelo Desidratado,"120,00",cogumelos
Cogumelo Shitake Seco,"229,99",cogumelos
Colageno H Abacaxi Hortela,"179,99",suplementos
Colageno Hidrolisado,"199,99",suplementos
Colorau,"49,99",temperos
Cominho Grãos,"159,99",temperos
Cominho Pó,"99,99",temperos
Couscous Marroquino Medio,"89,00",cereais
Cranberries Seca Imp,"99,99",frutas
Cravo da India Flor,"199,99",temperos
Cravo em Pó Puro,"149,99",temperos
Creatina Monohidratada Lt,"149,99",suplementos
Creme de Cebola,"69,99",temperos
Croutons Bacon,"129,99",temperos
Croutons Cebola,"129,99",temperos
Croutons Queijo,"129,99",temperos
Cúrcuma Pura,"99,99",temperos
Curry,"69,99",temperos
Damasco Turco N-2,"179,99",frutas
Dente de Leao,"149,99",chas
Desincha - Chá Vida,"99,99",chas
Detox Desicnha,"149,99",chas
Dragea de Banana 70 Cacau,"320,00",chocolates
Dragea de Cast de Caju 45,"370,00",chocolates
Dragea de Cereja Maraschino,"390,00",chocolates
Dragea Trufada Belga 45,"389,00",chocolates
Dragea Trufada de Maracuja,"445,00",chocolates
Endro Sementes,"59,00",temperos
Eritritol,"69,99",adocantes
Erva de Bicho,"89,00",ervas
Erva de Sao Joao,"89,99",chas
Erva Doce em Pó,"89,00",ervas
Erva Doce Semente,"99,99",chas
Ervas de Provence,"149,99",temperos
Ervas Finas,"119,99",temperos
Ervilha Torrada com Wasabi,"79,99",leguminosas
Espinheira Folhas,"119,99",chas
Espirulina,"44,90",funcionais
Estragao Desidratado,"450,00",temperos
Farelo Aveia,"22,99",farinhas
Farinha Batata Yacon,"120,00",farinhas
Farinha de Amêndoas,"199,99",farinhas
Farinha de Amendoim,"69,99",farinhas
Farinha de Arroz Branca,"20,99",farinhas
Farinha de Arroz Integral,"19,99",farinhas
Farinha de Aveia,"21,99",farinhas
Farinha de Aveia Integral,"179,99",farinhas
Farinha de Banana Verde,"79,99",farinhas
Farinha de Beterraba,"129,99",farinhas
Farinha de Centeio,"10,90",farinhas
Farinha de Coco,"59,99",farinhas
Farinha de Grão de Bico,"34,99",farinhas
Farinha de Maracuja,"99,99",farinhas
Farinha de Uva,"99,99",farinhas
Farinha Especial S/ Gluten,"99,99",farinhas
Farinha Subst de Ovo Vegano,"99,99",farinhas
Farofa de Soja,"45,00",snacks
Farofa de Soja Bacon,"45,00",snacks
Fava de Baunilha Premium 1Un,"79,99",temperos
Fecula de Batata,"29,99",farinhas
Feno Grego,"89,99",funcionais
Fibra de Maca,"129,99",funcionais
Figo Cristalizado,"149,99",frutas
Figo Turco Seco,"179,99",frutas
Flocao de Milho,"14,99",cereais
Flocos de Arroz,"49,99",cereais
Flocos de Centeio,"10,90",cereais
Flocos de Cevada,"9,90",cereais
Flor de Sal,"99,99",temperos
Folha de Boldo,"159,99",chas
Folha de Louro Turca,"159,99",temperos
Frutas Cristalizadas,"49,99",frutas
Fumaça Pó Importada,"249,99",temperos
Fumaça Pó Nacional,"99,99",temperos
Funcho Sementes,"89,99",chas
Funghi Seco,"279,99",temperos
Garcinia Cambogia,"229,99",chas
Gelatina Pó Pura sem Sabor,"199,99",culinarios
Gengibre Desidratado,"100,00",temperos
Gengibre em Pó,"99,99",temperos
Gergelim Branco Descascado,"69,99",sementes
Gergelim com Pele,"45,99",sementes
Gergelim Preto,"99,99",sementes
Ginseng Moida,"99,99",funcionais
Glucomanan Pó,"299,99",chas
Glutamina,"249,99",suplementos
Goma Xantana,"189,99",farinhas
Granola sem Gluten Ws,"99,99",cereais
Granola Tradicional,"79,99",cereais
Granola Zero Açúcar,"69,99",cereais
Grão de Bico,"49,99",leguminosas
Guaco Folha e Talo,"169,99",chas
Guarana em Pó Puro,"99,99",funcionais
Hibisco Berry,"139,99",chas
Hibiscus Flor,"159,99",chas
Hortela Triturada,"89,99",chas
Jaca Chips,"189,99",snacks
Kiwi Desidratado,"349,99",snacks
Laranja Desidratada,"169,99",frutas
Leite de Coco em Pó,"199,99",culinarios
Lemon Ervas,"119,99",temperos
Lemon Pepper,"119,99",temperos
Lentilha,"59,99",leguminosas
Lentilha Vermelha Proteina Vegetal/Rica Fibras/Baixo Ind.Glicemico/Diminui Colesterol,"69,99",leguminosas
Levedura Seca de Cerveja,"159,99",culinarios
Limao Siciliano Desidratado,"120,00",frutas
Linhaca Dourada Grão,"59,99",sementes
Linhaca Dourada Pó,"59,99",farinhas
Linhaca Marrom Pó,"13,90",sementes
Linhaca Marrom Sementes,"49,99",sementes
Louro em Pó,"69,99",temperos
Maca Chips Desidratada,"49,00",snacks
Maca Peruana Negra,"189,99",funcionais
Maca Peruana Pura,"149,99",funcionais
Maca Peruana Vermelha,"179,99",funcionais
Macadamia sem Sal,"299,99",oleaginosas
Manga Desidratada,"149,00",frutas
Manjericao Flocos Desidratado,"59,99",temperos
Maracuja Desidratado,"180,00",frutas
Maracuja em Folha,"99,99",chas
Marapuama em Pó,"79,99",funcionais
Melao Cristalizado,"169,99",frutas
Melissa Nacional,"169,99",chas
Milho Espanhol Mostarda e Mel,"99,99",snacks
Mini Gotas ao Leite Harald,"129,99",chocolates
"Mix Cebola, Salsa e Alho S/Glutamato","109,99",temperos
Mix de Castanhas,"149,99",oleaginosas
Mix de Frutas Desidratado,"329,99",frutas
Mix de Pimentas,"99,00",temperos
Mix de Quinoa,"89,99",cereais
Mix de Sementes,"39,00",sementes
Mix de Vegetais,"179,99",frutas
Molho Tartaro,"119,99",temperos
Molho Vinagrete,"109,99",temperos
Morango (Glaceado),"159,99",frutas
Morango Chips Importado,"599,99",snacks
Moringa Pó,"159,99",funcionais
Mostarda Amarela Grão,"99,99",temperos
Mostarda em Pó,"99,99",temperos
Mulungu,"99,99",chas
Noz Moscada em Pó Puro,"159,99",temperos
Noz Moscada Grãos,"299,99",temperos
Nozes Mariposa,"189,99",oleaginosas
Nozes Quartz,"179,99",oleaginosas
Oliveira Folhas,"129,99",chas
Ora Pro Nobis Desidratado,"199,99",funcionais
Ora Pro Nobis Pó,"220,00",funcionais
Orange Pepper,"109,99",temperos
Oregano Flocos,"99,99",temperos
Painco Descascado,"59,99",cereais
Panko Farinha,"59,00",farinhas
Paprica Defumada,"99,99",temperos
Paprica Doce,"99,99",temperos
Paprica Picante,"99,99",temperos
Pata de Vaca,"99,99",chas
Pau Tenente (Quassia),"89,99",chas
Pimenta Branca Grãos,"289,99",temperos
Pimenta Branca Pó Pura,"189,99",temperos
Pimenta Calabresa,"79,99",temperos
Pimenta Calabresa Pó,"99,00",temperos
Pimenta Cayena Pó,"199,99",temperos
Pimenta Chilli em Pó,"189,99",temperos
Pimenta do Reino Grão,"199,99",temperos
Pimenta do Reino Pó,"99,99",temperos
Pimenta Jamaica em Pó Pura,"230,00",temperos
Pimenta Jamaica Grãos,"249,99",temperos
Pimenta Rosa Grão,"189,99",temperos
Pimenta Siria,"199,99",temperos
Pistache sem Casca Cru,"289,99",oleaginosas
Polvilho Azedo,"24,99",farinhas
Polvilho Doce,"19,99",farinhas
Proteina Isolada de Soja 90%,"99,99",suplementos
Proteina Soja Texturizada Sabor Bacon,"79,99",temperos
Proteina Text. Soja Granulada,"59,99",suplementos
Provolone Desidratado Rech com Nutella,"329,99",snacks
Provolone Desidratado Rech/Goiabada,"329,99",snacks
Provolone Desidratado Tradicional,"329,99",snacks
Psyllium Fibra 90 %,"129,99",funcionais
Psyllium Husk 80%,"89,99",funcionais
Quebra Pedra,"199,00",ervas
Quiabo Chips Importado,"279,99",snacks
Quinoa Grão Negra,"99,99",cereais
Quinoa Farinha,"62,00",farinhas
Quinoa Flocos,"69,00",cereais
Quinoa Grão,"79,99",cereais
Quinoa Grão Vermelha,"99,99",cereais
Sagu,"19,90",cereais
Sal de Parrilla,"5,90",temperos
Sal Marinho Integral,"29,99",temperos
Sal Marinho Natural,"34,99",temperos
Sal Rosa do Himalaia Fino,"19,99",temperos
Sal Rosa Grosso do Himalaia,"24,99",temperos
Salsa Flocos Desidratada,"99,99",temperos
Salsaparrilha,"59,99",ervas
Salvia Folhas,"139,99",chas
Semente Abobora,"129,99",sementes
Semente Girassol,"69,99",sementes
Sene em Pó,"49,00",ervas
Sene Folhas,"89,99",chas
Shitake (Cogumelo Seco),"279,00",cogumelos
Shot Vital Power Matinal,"150,00",funcionais
Spirulina Pó,"189,99",funcionais
Stevia,"199,99",adocantes
Tamara com Caroço,"89,99",frutas
Tamara Jumbo,"99,99",frutas
Tamaras sem Caroco,"89,99",frutas
Tanchagem,"130,00",ervas
Tempera Tudo,"99,99",temperos
Tempero Completo S/ Glutamato,"99,99",temperos
Tempero do Chef C/ Curry,"99,99",temperos
Tempero do Cheff,"99,00",temperos
Tempero do Cheff com Paprica,"99,99",temperos
Tempero Edu Guedes,"99,99",temperos
Tempero Feijão,"99,99",temperos
Tempero Gourmet,"99,99",temperos
Tempero Masterchef S/ Glut,"99,99",temperos
Tempero Oliver,"99,99",temperos
Tempero P/ Peixes S/ Glutamato,"109,99",temperos
Tempero Pega Marido,"99,99",temperos
Tempero Pega Marido S/ Glutamato,"119,99",temperos
"Tempero Peixe Alecrim,Alho,Pim.Preta Páprica,Oregano,Salvia, Noz Mosc,Sal","49,99",temperos
Tomate Seco Turco,"52,00",frutas
Tomilho Flocos,"89,99",temperos
Tribulus Terrestris,"199,99",funcionais
Trufas 45% Cac de Maracujá 0% Açucar/Lactose C/ Vit Abd,"480,00",chocolates
Trufas de Nibs 33% Cac Ao/Leit 0% Açúcar/Lactose C/Vit Abd,"480,00",chocolates
Unha de Gato Pó,"129,00",ervas
Unha de Gato Rasurada,"149,99",chas
Urucum Semente,"59,00",temperos
Uvas Passas Branca,"99,99",frutas
Uvas Passas Preta,"69,99",frutas
Valeriana Raiz,"399,99",chas
Vitamina D3,"39,90",suplementos
Whey Baunilha,"150,00",suplementos
Whey Isolado Banana Caramelo Absolut,"280,00",suplementos
Whey Isolado Chocolate,"190,00",suplementos
Whey Protein 80% S/Sabor,"299,99",suplementos
Whey Protein Isolada 90%,"201,00",suplementos
Xylitol Crystal,"99,99",adocantes
Zatar,"99,99",temperos
Zimbro Grãos,"359,99",temperos
